code,system
L263z00,readv2
L263200,readv2
L263.00,readv2
Q214100,readv2
Q214200,readv2
L263000,readv2
Q214.00,readv2
Q214.11,readv2
Q214z00,readv2
Q311000,readv2
P24.0,readv2
Q213.11,readv2
Q213.00,readv2
Q212z00,readv2
Q213100,readv2
Q21..12,readv2
Q213z00,readv2
Q212.00,readv2
Q212100,readv2
Q213200,readv2
Q212200,readv2
Q212.11,readv2
L263700,readv2
L263.11,readv2
4H23.00,readv2
Z264900,readv2
Z264A00,readv2
Q213000,readv2
Q214000,readv2
Q212000,readv2
L263400,readv2
L263500,readv2
L263600,readv2
Lyu4800,readv2
Z264B00,readv2
Z264800,readv2
L263.14,readv2
L263100,readv2
Q21..00,readv2